{
  "project_info": {
    "project_number": "510680360247",
    "firebase_url": "https://noble-helper-258209.firebaseio.com",
    "project_id": "noble-helper-258209",
    "storage_bucket": "noble-helper-258209.appspot.com"
  },
  "client": [
    {
      "client_info": {
        "mobilesdk_app_id": "1:510680360247:android:cff6154e6fceb6ff4f66b2",
        "android_client_info": {
          "package_name": "com.example.myapplication"
        }
      },
      "oauth_client": [
        {
          "client_id": "510680360247-na65mll832a8uf3aitjq63kf8bbkhnh4.apps.googleusercontent.com",
          "client_type": 1,
          "android_info": {
            "package_name": "com.example.myapplication",
            "certificate_hash": "21ac78f3caddf4dcffbd405446a083a3a41d2ff3"
          }
        },
        {
          "client_id": "510680360247-thn9f8l37errlepboda6p4kg20mmsgf5.apps.googleusercontent.com",
          "client_type": 3
        }
      ],
      "api_key": [
        {
          "current_key": "AIzaSyBRNDChKR1if4dHvSfCWgxyvvpL2YEiwmA"
        }
      ],
      "services": {
        "appinvite_service": {
          "other_platform_oauth_client": [
            {
              "client_id": "510680360247-thn9f8l37errlepboda6p4kg20mmsgf5.apps.googleusercontent.com",
              "client_type": 3
            }
          ]
        }
      }
    }
  ],
  "configuration_version": "1"
}